x,y,R,G,B,current_assignment,distance_to_EyeWhite_R_px,proposed
269,142,255,252,243,UNASSIGNED/TRANSPARENT,1.0,TRANSFER_TO_EYEWHITE_R_FOR_HUMAN_REVIEW
269,143,254,254,255,UNASSIGNED/TRANSPARENT,1.0,TRANSFER_TO_EYEWHITE_R_FOR_HUMAN_REVIEW
269,144,253,254,255,UNASSIGNED/TRANSPARENT,1.0,TRANSFER_TO_EYEWHITE_R_FOR_HUMAN_REVIEW
270,144,254,250,236,UNASSIGNED/TRANSPARENT,2.0,TRANSFER_TO_EYEWHITE_R_FOR_HUMAN_REVIEW
269,145,254,253,250,UNASSIGNED/TRANSPARENT,1.0,TRANSFER_TO_EYEWHITE_R_FOR_HUMAN_REVIEW
270,145,255,253,250,UNASSIGNED/TRANSPARENT,2.0,TRANSFER_TO_EYEWHITE_R_FOR_HUMAN_REVIEW
269,146,255,253,247,UNASSIGNED/TRANSPARENT,1.0,TRANSFER_TO_EYEWHITE_R_FOR_HUMAN_REVIEW
270,146,254,254,255,UNASSIGNED/TRANSPARENT,2.0,TRANSFER_TO_EYEWHITE_R_FOR_HUMAN_REVIEW
269,147,255,254,248,UNASSIGNED/TRANSPARENT,1.0,TRANSFER_TO_EYEWHITE_R_FOR_HUMAN_REVIEW
270,147,253,255,255,UNASSIGNED/TRANSPARENT,2.0,TRANSFER_TO_EYEWHITE_R_FOR_HUMAN_REVIEW
271,147,255,253,244,UNASSIGNED/TRANSPARENT,3.0,TRANSFER_TO_EYEWHITE_R_FOR_HUMAN_REVIEW
269,148,255,254,250,UNASSIGNED/TRANSPARENT,1.0,TRANSFER_TO_EYEWHITE_R_FOR_HUMAN_REVIEW
270,148,254,254,255,UNASSIGNED/TRANSPARENT,2.0,TRANSFER_TO_EYEWHITE_R_FOR_HUMAN_REVIEW
271,148,255,255,254,UNASSIGNED/TRANSPARENT,3.0,TRANSFER_TO_EYEWHITE_R_FOR_HUMAN_REVIEW
269,149,255,254,252,UNASSIGNED/TRANSPARENT,1.0,TRANSFER_TO_EYEWHITE_R_FOR_HUMAN_REVIEW
270,149,254,254,255,UNASSIGNED/TRANSPARENT,2.0,TRANSFER_TO_EYEWHITE_R_FOR_HUMAN_REVIEW
271,149,254,255,255,UNASSIGNED/TRANSPARENT,3.0,TRANSFER_TO_EYEWHITE_R_FOR_HUMAN_REVIEW
269,150,254,254,253,UNASSIGNED/TRANSPARENT,1.0,TRANSFER_TO_EYEWHITE_R_FOR_HUMAN_REVIEW
270,150,254,255,255,UNASSIGNED/TRANSPARENT,2.0,TRANSFER_TO_EYEWHITE_R_FOR_HUMAN_REVIEW
271,150,253,255,255,UNASSIGNED/TRANSPARENT,3.0,TRANSFER_TO_EYEWHITE_R_FOR_HUMAN_REVIEW
272,150,254,253,242,UNASSIGNED/TRANSPARENT,4.0,TRANSFER_TO_EYEWHITE_R_FOR_HUMAN_REVIEW
269,151,255,254,253,UNASSIGNED/TRANSPARENT,1.0,TRANSFER_TO_EYEWHITE_R_FOR_HUMAN_REVIEW
270,151,254,254,255,UNASSIGNED/TRANSPARENT,2.0,TRANSFER_TO_EYEWHITE_R_FOR_HUMAN_REVIEW
271,151,253,255,255,UNASSIGNED/TRANSPARENT,3.0,TRANSFER_TO_EYEWHITE_R_FOR_HUMAN_REVIEW
272,151,254,254,251,UNASSIGNED/TRANSPARENT,4.0,TRANSFER_TO_EYEWHITE_R_FOR_HUMAN_REVIEW
269,152,255,254,254,UNASSIGNED/TRANSPARENT,1.0,TRANSFER_TO_EYEWHITE_R_FOR_HUMAN_REVIEW
270,152,254,254,253,UNASSIGNED/TRANSPARENT,2.0,TRANSFER_TO_EYEWHITE_R_FOR_HUMAN_REVIEW
271,152,254,254,254,UNASSIGNED/TRANSPARENT,3.0,TRANSFER_TO_EYEWHITE_R_FOR_HUMAN_REVIEW
272,152,255,255,255,UNASSIGNED/TRANSPARENT,4.0,TRANSFER_TO_EYEWHITE_R_FOR_HUMAN_REVIEW
269,153,255,255,253,UNASSIGNED/TRANSPARENT,1.0,TRANSFER_TO_EYEWHITE_R_FOR_HUMAN_REVIEW
270,153,255,254,250,UNASSIGNED/TRANSPARENT,2.0,TRANSFER_TO_EYEWHITE_R_FOR_HUMAN_REVIEW
271,153,255,253,250,UNASSIGNED/TRANSPARENT,3.0,TRANSFER_TO_EYEWHITE_R_FOR_HUMAN_REVIEW
272,153,254,255,255,UNASSIGNED/TRANSPARENT,4.0,TRANSFER_TO_EYEWHITE_R_FOR_HUMAN_REVIEW
269,154,255,255,254,UNASSIGNED/TRANSPARENT,1.0,TRANSFER_TO_EYEWHITE_R_FOR_HUMAN_REVIEW
270,154,255,254,250,UNASSIGNED/TRANSPARENT,2.0,TRANSFER_TO_EYEWHITE_R_FOR_HUMAN_REVIEW
271,154,255,253,247,UNASSIGNED/TRANSPARENT,3.0,TRANSFER_TO_EYEWHITE_R_FOR_HUMAN_REVIEW
272,154,254,254,255,UNASSIGNED/TRANSPARENT,4.0,TRANSFER_TO_EYEWHITE_R_FOR_HUMAN_REVIEW
269,155,254,254,254,UNASSIGNED/TRANSPARENT,1.0,TRANSFER_TO_EYEWHITE_R_FOR_HUMAN_REVIEW
270,155,255,254,250,UNASSIGNED/TRANSPARENT,2.0,TRANSFER_TO_EYEWHITE_R_FOR_HUMAN_REVIEW
271,155,255,253,246,UNASSIGNED/TRANSPARENT,3.0,TRANSFER_TO_EYEWHITE_R_FOR_HUMAN_REVIEW
272,155,254,254,255,UNASSIGNED/TRANSPARENT,4.0,TRANSFER_TO_EYEWHITE_R_FOR_HUMAN_REVIEW
273,155,255,251,237,UNASSIGNED/TRANSPARENT,5.0,TRANSFER_TO_EYEWHITE_R_FOR_HUMAN_REVIEW
269,156,254,254,254,UNASSIGNED/TRANSPARENT,1.0,TRANSFER_TO_EYEWHITE_R_FOR_HUMAN_REVIEW
270,156,254,254,250,UNASSIGNED/TRANSPARENT,2.0,TRANSFER_TO_EYEWHITE_R_FOR_HUMAN_REVIEW
271,156,255,253,247,UNASSIGNED/TRANSPARENT,3.0,TRANSFER_TO_EYEWHITE_R_FOR_HUMAN_REVIEW
272,156,254,254,253,UNASSIGNED/TRANSPARENT,4.0,TRANSFER_TO_EYEWHITE_R_FOR_HUMAN_REVIEW
273,156,255,252,238,UNASSIGNED/TRANSPARENT,5.0,TRANSFER_TO_EYEWHITE_R_FOR_HUMAN_REVIEW
269,157,253,254,252,UNASSIGNED/TRANSPARENT,1.0,TRANSFER_TO_EYEWHITE_R_FOR_HUMAN_REVIEW
270,157,254,254,249,UNASSIGNED/TRANSPARENT,2.0,TRANSFER_TO_EYEWHITE_R_FOR_HUMAN_REVIEW
271,157,255,253,247,UNASSIGNED/TRANSPARENT,3.0,TRANSFER_TO_EYEWHITE_R_FOR_HUMAN_REVIEW
272,157,254,254,251,UNASSIGNED/TRANSPARENT,4.0,TRANSFER_TO_EYEWHITE_R_FOR_HUMAN_REVIEW
273,157,255,253,240,UNASSIGNED/TRANSPARENT,5.0,TRANSFER_TO_EYEWHITE_R_FOR_HUMAN_REVIEW
269,158,252,253,252,UNASSIGNED/TRANSPARENT,1.0,TRANSFER_TO_EYEWHITE_R_FOR_HUMAN_REVIEW
270,158,253,253,250,UNASSIGNED/TRANSPARENT,2.0,TRANSFER_TO_EYEWHITE_R_FOR_HUMAN_REVIEW
271,158,254,253,247,UNASSIGNED/TRANSPARENT,3.0,TRANSFER_TO_EYEWHITE_R_FOR_HUMAN_REVIEW
272,158,254,254,249,UNASSIGNED/TRANSPARENT,4.0,TRANSFER_TO_EYEWHITE_R_FOR_HUMAN_REVIEW
273,158,255,253,241,UNASSIGNED/TRANSPARENT,5.0,TRANSFER_TO_EYEWHITE_R_FOR_HUMAN_REVIEW
269,159,251,253,251,UNASSIGNED/TRANSPARENT,1.0,TRANSFER_TO_EYEWHITE_R_FOR_HUMAN_REVIEW
270,159,252,253,249,UNASSIGNED/TRANSPARENT,2.0,TRANSFER_TO_EYEWHITE_R_FOR_HUMAN_REVIEW
271,159,254,253,246,UNASSIGNED/TRANSPARENT,3.0,TRANSFER_TO_EYEWHITE_R_FOR_HUMAN_REVIEW
272,159,253,253,249,UNASSIGNED/TRANSPARENT,4.0,TRANSFER_TO_EYEWHITE_R_FOR_HUMAN_REVIEW
273,159,255,254,240,UNASSIGNED/TRANSPARENT,5.0,TRANSFER_TO_EYEWHITE_R_FOR_HUMAN_REVIEW
269,160,250,253,250,UNASSIGNED/TRANSPARENT,1.0,TRANSFER_TO_EYEWHITE_R_FOR_HUMAN_REVIEW
270,160,252,252,249,UNASSIGNED/TRANSPARENT,2.0,TRANSFER_TO_EYEWHITE_R_FOR_HUMAN_REVIEW
271,160,253,252,246,UNASSIGNED/TRANSPARENT,3.0,TRANSFER_TO_EYEWHITE_R_FOR_HUMAN_REVIEW
272,160,253,253,248,UNASSIGNED/TRANSPARENT,4.0,TRANSFER_TO_EYEWHITE_R_FOR_HUMAN_REVIEW
273,160,255,253,239,UNASSIGNED/TRANSPARENT,5.0,TRANSFER_TO_EYEWHITE_R_FOR_HUMAN_REVIEW
269,161,251,253,251,UNASSIGNED/TRANSPARENT,1.0,TRANSFER_TO_EYEWHITE_R_FOR_HUMAN_REVIEW
270,161,252,253,249,UNASSIGNED/TRANSPARENT,2.0,TRANSFER_TO_EYEWHITE_R_FOR_HUMAN_REVIEW
271,161,253,252,246,UNASSIGNED/TRANSPARENT,3.0,TRANSFER_TO_EYEWHITE_R_FOR_HUMAN_REVIEW
272,161,253,253,248,UNASSIGNED/TRANSPARENT,4.0,TRANSFER_TO_EYEWHITE_R_FOR_HUMAN_REVIEW
273,161,255,252,238,UNASSIGNED/TRANSPARENT,5.0,TRANSFER_TO_EYEWHITE_R_FOR_HUMAN_REVIEW
269,162,252,254,252,UNASSIGNED/TRANSPARENT,1.0,TRANSFER_TO_EYEWHITE_R_FOR_HUMAN_REVIEW
270,162,252,253,249,UNASSIGNED/TRANSPARENT,2.0,TRANSFER_TO_EYEWHITE_R_FOR_HUMAN_REVIEW
271,162,253,252,246,UNASSIGNED/TRANSPARENT,3.0,TRANSFER_TO_EYEWHITE_R_FOR_HUMAN_REVIEW
272,162,253,253,249,UNASSIGNED/TRANSPARENT,4.0,TRANSFER_TO_EYEWHITE_R_FOR_HUMAN_REVIEW
273,162,255,252,236,UNASSIGNED/TRANSPARENT,5.0,TRANSFER_TO_EYEWHITE_R_FOR_HUMAN_REVIEW
269,163,252,254,253,UNASSIGNED/TRANSPARENT,1.0,TRANSFER_TO_EYEWHITE_R_FOR_HUMAN_REVIEW
270,163,253,253,249,UNASSIGNED/TRANSPARENT,2.0,TRANSFER_TO_EYEWHITE_R_FOR_HUMAN_REVIEW
271,163,254,253,246,UNASSIGNED/TRANSPARENT,3.0,TRANSFER_TO_EYEWHITE_R_FOR_HUMAN_REVIEW
272,163,253,253,251,UNASSIGNED/TRANSPARENT,4.0,TRANSFER_TO_EYEWHITE_R_FOR_HUMAN_REVIEW
269,164,253,253,253,UNASSIGNED/TRANSPARENT,1.0,TRANSFER_TO_EYEWHITE_R_FOR_HUMAN_REVIEW
270,164,254,253,250,UNASSIGNED/TRANSPARENT,2.0,TRANSFER_TO_EYEWHITE_R_FOR_HUMAN_REVIEW
271,164,254,253,247,UNASSIGNED/TRANSPARENT,3.0,TRANSFER_TO_EYEWHITE_R_FOR_HUMAN_REVIEW
272,164,254,254,252,UNASSIGNED/TRANSPARENT,4.0,TRANSFER_TO_EYEWHITE_R_FOR_HUMAN_REVIEW
269,165,254,254,254,UNASSIGNED/TRANSPARENT,1.0,TRANSFER_TO_EYEWHITE_R_FOR_HUMAN_REVIEW
270,165,254,254,250,UNASSIGNED/TRANSPARENT,2.0,TRANSFER_TO_EYEWHITE_R_FOR_HUMAN_REVIEW
271,165,255,253,247,UNASSIGNED/TRANSPARENT,3.0,TRANSFER_TO_EYEWHITE_R_FOR_HUMAN_REVIEW
272,165,254,254,254,UNASSIGNED/TRANSPARENT,4.0,TRANSFER_TO_EYEWHITE_R_FOR_HUMAN_REVIEW
269,166,254,254,253,UNASSIGNED/TRANSPARENT,1.0,TRANSFER_TO_EYEWHITE_R_FOR_HUMAN_REVIEW
270,166,255,254,250,UNASSIGNED/TRANSPARENT,2.0,TRANSFER_TO_EYEWHITE_R_FOR_HUMAN_REVIEW
271,166,255,253,249,UNASSIGNED/TRANSPARENT,3.0,TRANSFER_TO_EYEWHITE_R_FOR_HUMAN_REVIEW
272,166,254,254,255,UNASSIGNED/TRANSPARENT,4.0,TRANSFER_TO_EYEWHITE_R_FOR_HUMAN_REVIEW
269,167,255,254,254,UNASSIGNED/TRANSPARENT,1.0,TRANSFER_TO_EYEWHITE_R_FOR_HUMAN_REVIEW
270,167,255,254,252,UNASSIGNED/TRANSPARENT,2.0,TRANSFER_TO_EYEWHITE_R_FOR_HUMAN_REVIEW
271,167,255,254,251,UNASSIGNED/TRANSPARENT,3.0,TRANSFER_TO_EYEWHITE_R_FOR_HUMAN_REVIEW
272,167,254,255,255,UNASSIGNED/TRANSPARENT,4.0,TRANSFER_TO_EYEWHITE_R_FOR_HUMAN_REVIEW
269,168,255,254,254,UNASSIGNED/TRANSPARENT,1.0,TRANSFER_TO_EYEWHITE_R_FOR_HUMAN_REVIEW
270,168,255,255,254,UNASSIGNED/TRANSPARENT,2.0,TRANSFER_TO_EYEWHITE_R_FOR_HUMAN_REVIEW
271,168,255,254,255,UNASSIGNED/TRANSPARENT,3.0,TRANSFER_TO_EYEWHITE_R_FOR_HUMAN_REVIEW
272,168,254,255,255,UNASSIGNED/TRANSPARENT,4.0,TRANSFER_TO_EYEWHITE_R_FOR_HUMAN_REVIEW
269,169,255,254,253,UNASSIGNED/TRANSPARENT,1.0,TRANSFER_TO_EYEWHITE_R_FOR_HUMAN_REVIEW
270,169,255,255,255,UNASSIGNED/TRANSPARENT,2.0,TRANSFER_TO_EYEWHITE_R_FOR_HUMAN_REVIEW
271,169,254,255,255,UNASSIGNED/TRANSPARENT,3.0,TRANSFER_TO_EYEWHITE_R_FOR_HUMAN_REVIEW
272,169,255,254,249,UNASSIGNED/TRANSPARENT,4.0,TRANSFER_TO_EYEWHITE_R_FOR_HUMAN_REVIEW
269,170,255,254,253,UNASSIGNED/TRANSPARENT,1.0,TRANSFER_TO_EYEWHITE_R_FOR_HUMAN_REVIEW
270,170,255,255,255,UNASSIGNED/TRANSPARENT,2.0,TRANSFER_TO_EYEWHITE_R_FOR_HUMAN_REVIEW
271,170,254,255,255,UNASSIGNED/TRANSPARENT,3.0,TRANSFER_TO_EYEWHITE_R_FOR_HUMAN_REVIEW
272,170,255,252,242,UNASSIGNED/TRANSPARENT,4.0,TRANSFER_TO_EYEWHITE_R_FOR_HUMAN_REVIEW
269,171,255,254,252,UNASSIGNED/TRANSPARENT,1.0,TRANSFER_TO_EYEWHITE_R_FOR_HUMAN_REVIEW
270,171,255,254,255,UNASSIGNED/TRANSPARENT,2.0,TRANSFER_TO_EYEWHITE_R_FOR_HUMAN_REVIEW
271,171,254,255,255,UNASSIGNED/TRANSPARENT,3.0,TRANSFER_TO_EYEWHITE_R_FOR_HUMAN_REVIEW
269,172,255,254,250,UNASSIGNED/TRANSPARENT,1.0,TRANSFER_TO_EYEWHITE_R_FOR_HUMAN_REVIEW
270,172,254,254,255,UNASSIGNED/TRANSPARENT,2.0,TRANSFER_TO_EYEWHITE_R_FOR_HUMAN_REVIEW
271,172,255,255,255,UNASSIGNED/TRANSPARENT,3.0,TRANSFER_TO_EYEWHITE_R_FOR_HUMAN_REVIEW
269,173,255,254,248,UNASSIGNED/TRANSPARENT,1.0,TRANSFER_TO_EYEWHITE_R_FOR_HUMAN_REVIEW
270,173,254,254,255,UNASSIGNED/TRANSPARENT,2.0,TRANSFER_TO_EYEWHITE_R_FOR_HUMAN_REVIEW
271,173,254,253,242,UNASSIGNED/TRANSPARENT,3.0,TRANSFER_TO_EYEWHITE_R_FOR_HUMAN_REVIEW
269,174,254,253,247,UNASSIGNED/TRANSPARENT,1.0,TRANSFER_TO_EYEWHITE_R_FOR_HUMAN_REVIEW
270,174,254,255,255,UNASSIGNED/TRANSPARENT,2.0,TRANSFER_TO_EYEWHITE_R_FOR_HUMAN_REVIEW
269,175,254,253,252,UNASSIGNED/TRANSPARENT,1.0,TRANSFER_TO_EYEWHITE_R_FOR_HUMAN_REVIEW
270,175,254,253,248,UNASSIGNED/TRANSPARENT,2.0,TRANSFER_TO_EYEWHITE_R_FOR_HUMAN_REVIEW
269,176,253,254,255,UNASSIGNED/TRANSPARENT,1.0,TRANSFER_TO_EYEWHITE_R_FOR_HUMAN_REVIEW
269,177,254,255,255,UNASSIGNED/TRANSPARENT,1.0,TRANSFER_TO_EYEWHITE_R_FOR_HUMAN_REVIEW
242,183,248,249,240,UNASSIGNED/TRANSPARENT,2.23606797749979,REQUIRES_HUMAN_DECISION_ISOLATED_PIXEL
